{
  "index": 4,
  "key": "solution",
  "title": "Solution",
  "userType": 0,
  "inputProps": {
    "type": "String",
    "inpuType": "Text",
    "size": "large",
    "placeholder": "Solution *",
    "style": { "height": "20vh", "marginLeft": 8 }
  },
  "itemProp": {
    "rules": [
      {
        "required": true,
        "message": "Please input your Solution!"
      },
      {
        "max": 9999,
        "message": "Maximum 9999 character"
      },
      {
        "whitespace": true,
        "message": "No Whitespace"
      }
    ]
  },
  "columnProps": {
    "align": "center"
  },
  "colProp": {
    "span": 8,
    "offset": 0
  },
  "display": true
}