{
  "index": 1,
  "key": "title",
  "title": "Idea Title",
  "userType": 0,
  "inputProps": {
    "type": "String",
    "inpuType": "String",
    "size": "large",
    "placeholder": "Idea Title *"
  },
  "itemProp": {
    "rules": [
      {
        "required": true,
        "message": "Please input your Idea Title!"
      },
      {
        "max": 50,
        "message": "Maximum 50 character"
      },
      {
        "whitespace": true,
        "message": "No Whitespace"
      }
    ]
  },
  "columnProps": {
    "align": "center"
  },
  "colProp": {
    "span": 16,
    "offset": 2
  },
  "display": true
}