{
  "index": 7,
  "key": "standing",
  "title": "Standing",
  "userType": 1,
  "inputProps": {
    "type": "String",
    "inpuType": "Select",
    "size": "large",
    "placeholder": "Current Standing *",
    "options": [
      "Approved",
      "Canceled",
      "Waiting for approval"
    ],
    "icons": [
      {
        "Approved": "SafetyCertificateFilled"
      },
      {
        "Waiting for approval": "HourglassOutlined"
      },
      {
        "Canceled": "StopFilled"
      }
    ],
    "listener": "isWaitingSelected"
  },
  "itemProp": {
    "rules": [
      {
        "required": true,
        "message": "Please input your Current Standing!"
      }
    ]
  },
  "columnProps": {
    "align": "center",
    "width": 100
  },
  "colProp": {
    "span": 8,
    "offset": 0
  },
  "display": true
}