[
  {
    "title": "kicsivel hosszabb cím 34",
    "situation": "Az a jelenlegi helyzet, hogy teszteljuk a portált.",
    "solution": "A megoldás... maga a megoldás :-)",
    "benefits": "Ki milyen hasznot fog húzni belole... majd kiderül.",
    "LinkToFile": "www.asd",
    "status": "Closed",
    "standing": "Approved"
  },
  {
    "title": "más júzer ötlete",
    "situation": "próbba feladat más felhasználó",
    "solution": "erre is van már megoldás, lássuk muködik-e",
    "benefits": "Muuuuuuuukoooodj!",
    "LinkToFile": "www.asd",
    "status": "Qualified",
    "standing": "Approved"
  },
  {
    "title": "harmadik felhasználó",
    "situation": "jelenleg ez van",
    "solution": "Még nincs megoldás.",
    "benefits": "Így haszon sincs...",
    "LinkToFile": "www.asd",
    "status": "Qualified",
    "standing": "Approved"
  }
]