{
  "index": 3,
  "key": "situation",
  "title": "Current Situation",
  "userType": 0,
  "inputProps": {
    "type": "String",
    "inpuType": "Text",
    "size": "large",
    "placeholder": "Current Situation *",
    "style": { "height": "20vh", "marginLeft": 16 }
  },
  "itemProp": {
    "rules": [
      {
        "required": true,
        "message": "Please input your Current Situation!"
      }
    ]
  },
  "columnProps": {
    "align": "center"
  },
  "colProp": {
    "span": 8,
    "offset": 0
  },
  "display": true
}