{
  "index": 8,
  "key": "status",
  "title": "Status",
  "userType": 2,
  "inputProps": {
    "type": "String",
    "inpuType": "Select",
    "size": "large",
    "placeholder": "Status *",
    "options": [
      "Closed",
      "Open",
      "Qualified"
    ],
    "icons": [
      {
        "Closed": "CheckSquareFilled"
      },
      {
        "Open": "HourglassFilled"
      },
      {
        "Qualified": "PlayCircleFilled"
      }
    ],
    "listener": "isOpenSelected"
  },
  "itemProp": {
    "rules": [
      {
        "required": true,
        "message": "Please input your Status!"
      }
    ]
  },
  "columnProps": {
    "align": "center"
  },
  "colProp": {
    "span": 8,
    "offset": 2
  },
  "display": true
}